{
  "version": 1,
  "capturedAt": "2026-07-18T09:37:33.328Z",
  "environment": {
    "cpuModel": "AMD Ryzen 7 5800H with Radeon Graphics         ",
    "cpuCount": 16,
    "ramTotalMb": 15755,
    "ramFreeMb": 1274,
    "nodeVersion": "v24.11.1",
    "platform": "win32 x64",
    "persistenceDriver": "memory",
    "database": "n/a (memory)"
  },
  "metrics": {
    "import.avg_ms.10": 34.364779999999996,
    "import.p95_ms.10": 213.49710000000005,
    "import.max_ms.10": 213.49710000000005,
    "import.wall_ms.10": 359.59490000000005,
    "import.avg_ms.100": 12.28122000000001,
    "import.p95_ms.100": 13.71089999999981,
    "import.max_ms.100": 19.381799999999885,
    "import.wall_ms.100": 1276.3256000000001,
    "import.avg_ms.500": 12.459375600000019,
    "import.p95_ms.500": 13.764500000000226,
    "import.max_ms.500": 28.758600000000115,
    "import.wall_ms.500": 6408.4874,
    "import.avg_ms.1000": 13.778667200000028,
    "import.p95_ms.1000": 15.91400000000067,
    "import.max_ms.1000": 159.07710000000043,
    "import.wall_ms.1000": 14110.005399999998,
    "insight.candidate_insight.avg_ms.100": 0.11147999999957392,
    "insight.candidate_insight.p95_ms.100": 0.10080000000016298,
    "insight.job_insight.avg_ms.100": 0.25406500000008236,
    "insight.job_insight.p95_ms.100": 0.42669999999998254,
    "insight.audit_replay.avg_ms.100": 0.538734999999906,
    "insight.audit_replay.p95_ms.100": 0.13539999999920838,
    "insight.knowledge_retrieval.avg_ms.100": 0.00734500000035041,
    "insight.knowledge_retrieval.p95_ms.100": 0.010100000003149034,
    "insight.candidate_insight.avg_ms.1000": 0.03845000000037544,
    "insight.candidate_insight.p95_ms.1000": 0.04609999999956926,
    "insight.job_insight.avg_ms.1000": 1.7670900000000984,
    "insight.job_insight.p95_ms.1000": 2.4523000000008324,
    "insight.audit_replay.avg_ms.1000": 0.03214500000030966,
    "insight.audit_replay.p95_ms.1000": 0.06279999999969732,
    "insight.knowledge_retrieval.avg_ms.1000": 0.003979999999864958,
    "insight.knowledge_retrieval.p95_ms.1000": 0.005300000000715954,
    "insight.candidate_insight.avg_ms.5000": 0.03747499999990396,
    "insight.candidate_insight.p95_ms.5000": 0.05830000000059954,
    "insight.job_insight.avg_ms.5000": 8.472765000000255,
    "insight.job_insight.p95_ms.5000": 13.76390000000174,
    "insight.audit_replay.avg_ms.5000": 0.02761499999996886,
    "insight.audit_replay.p95_ms.5000": 0.07410000000163564,
    "insight.knowledge_retrieval.avg_ms.5000": 0.0038350000000718864,
    "insight.knowledge_retrieval.p95_ms.5000": 0.004400000001623994,
    "insight.candidate_insight.avg_ms.10000": 0.036705000000438304,
    "insight.candidate_insight.p95_ms.10000": 0.04650000000037835,
    "insight.job_insight.avg_ms.10000": 14.180345000000306,
    "insight.job_insight.p95_ms.10000": 16.54200000000128,
    "insight.audit_replay.avg_ms.10000": 0.025925000000461294,
    "insight.audit_replay.p95_ms.10000": 0.05829999999696156,
    "insight.knowledge_retrieval.avg_ms.10000": 0.003650000000016007,
    "insight.knowledge_retrieval.p95_ms.10000": 0.004600000000209548,
    "verify.avg_ms.100": 0.5796600000001491,
    "verify.p95_ms.100": 2.0332000000016706,
    "verify.avg_ms.1000": 2.0260599999994158,
    "verify.p95_ms.1000": 2.863099999998667,
    "verify.avg_ms.10000": 20.859960000000136,
    "verify.p95_ms.10000": 30.04790000000139,
    "review.getReview.p95_ms.10": 8.578600000000733,
    "review.markReady.p95_ms.10": 1.644799999998213,
    "review.getReview.p95_ms.50": 1.3541999999979453,
    "review.markReady.p95_ms.50": 1.3333000000020547
  }
}
